﻿{"cameraMode":{"drawMode":0,"name":"Shaded","section":"Shading Mode"},"sceneLighting":true,"audioPlay":false,"sceneViewState":{"showFog":true,"showMaterialUpdate":false,"showSkybox":true,"showFlares":true,"showImageEffects":true,"showParticleSystems":true},"in2DMode":false,"pivot":{"x":-4.775289535522461,"y":-15.75499153137207,"z":16.30181121826172},"rotation":{"x":-0.2804967164993286,"y":0.20585298538208009,"z":-0.06172354519367218,"w":-0.9354872703552246},"size":86.2456283569336,"orthographic":false}