﻿{"cameraMode":{"drawMode":0,"name":"Shaded","section":"Shading Mode"},"sceneLighting":true,"audioPlay":false,"sceneViewState":{"showFog":true,"showMaterialUpdate":false,"showSkybox":true,"showFlares":true,"showImageEffects":true,"showParticleSystems":true},"in2DMode":false,"pivot":{"x":26.95142364501953,"y":20.25079345703125,"z":-34.30998992919922},"rotation":{"x":0.23888705670833589,"y":-0.4013556241989136,"z":0.10927111655473709,"w":0.8774431943893433},"size":2.8578836917877199,"orthographic":false}